{
    "name": "whitedwarf",
    "title": "White Dwarf Module",
    "description": "Its a test module that might change a color or something",
    "manifest": "https://github.com/stuhoffman/fvtt-whitedwarf\module.json",
    "version": "0.0.1",
    "author": "thewhitedwarf",
    "minimumCoreVersion": "0.8.3",
    "compatibleCoreVersion": "9",
    "system": "dnd5e",
    "esmodules": [
        "./scripts/whitedwarf.js"
    ],
    "styles": [
        
    ],
    "languages": [
        {
            "lang": "en",
            "name": "English",
            "path": "lang/en.json"
        }
    ],
    "url": "https://github.com/stuhoffman/fvtt-whitedwarf",
    "manifest": "https://github.com/stuhoffman/fvtt-whitedwarf\module.json",
    "download": "https://github.com/stuhoffman/fvtt-whitedwarf\module.zip"
}